ID,Bg Bag ID
nn39,1
pc4,2
nn9,3
kc22,4
nn38,5
kc6,6
cn25,7
kc36,8
cn6,9
cc25,10
nn20,11
nn14,12
kc1,13
kn35,14
nc24,15
nn24,16
pc37,17
cn21,18
kn22,19
pn40,20
kn3,21
nn2,22
nn34,23
pn35,24
kn19,25
cn32,26
pn39,27
nn30,28
kn18,29
kn8,30
nn37,31
kn13,32
nn7,33
kn34,34
cn11,35
cn35,36
cn30,37
cn10,38
kn39,39
cn3,40
cn18,41
kn28,42
nn33,43
cn20,44
pn6,45
cn38,46
nn28,47
cc40,48
kn2,49
nc19,50
kn15,51
kc2,52
pn16,53
kn23,54
nc31,55
nn10,56
kc12,57
nn36,58
pc31,59
cc37,60
cn40,61
pc7,62
cn17,63
cc33,64
nn23,65
kc31,66
kc25,67
nc9,68
kc21,69
pc21,70
nc30,71
pc16,72
cc4,73
kc33,74
kc17,75
nc8,76
kc38,77
kc24,78
nc1,79
cc30,80
pc23,81
kc15,82
cc19,83
nc17,84
cc39,85
nc32,86
cc36,87
kc32,88
cc18,89
nc22,90
cc24,91
kc16,92
nc4,93
pc1,94
nc5,95
cc31,96
cc10,97
kc35,98
kc39,99
cn31,101
pc39,102
cn15,103
pc27,104
nn16,105
pn18,106
cc6,107
kn6,108
pc6,109
nn4,110
nc14,111
kc13,112
kn33,113
kc3,114
cn27,115
kc9,116
kn1,117
kn37,118
kc23,119
kn40,120
nc36,121
cn4,122
nc10,123
cn39,124
nc13,125
kn14,126
kc5,127
kn17,128
nn6,129
pc40,130
nn19,131
cc27,132
nn21,133
kn36,134
nn13,135
cn36,136
cn34,137
cn22,138
kn31,139
pn22,140
cn8,141
kn29,142
cn29,143
pn9,144
nn35,145
pn15,146
cn13,147
kn11,148
nc23,149
cn33,150
nc39,151
kn25,152
nc27,153
nn29,154
nn31,155
kc19,156
nn27,157
kc30,158
pn2,159
cc15,160
cc28,161
nn22,162
nc2,163
nc28,164
pn14,165
pn32,166
nc18,167
cn37,168
kc37,169
cn19,170
kc14,171
nc12,172
kn38,173
kc11,174
kn10,175
kc40,176
pn34,177
cn7,178
kc29,179
nc40,180
nn25,181
cc1,182
nc3,183
nc7,184
cc20,185
pc33,186
nc16,187
nc33,188
cc14,189
pc20,190
pc15,191
cc8,192
pc32,193
cc5,194
nc38,195
cc11,196
pc8,197
nn12,198
kn21,199
kn12,200
pn31,201
cn1,202
nn8,203
kn4,204
nn17,205
pn24,206
cn26,207
pn8,208
nn26,209
kn7,210
cn28,211
kn9,212
nn15,213
pn3,214
pn38,215
kn20,216
cc16,217
kn5,218
cc21,219
cc34,220
pc30,221
kc26,222
nn40,223
cn16,224
nn11,225
pc13,226
cc17,227
pc12,228
nc21,229
cc22,230
pc10,231
cc7,232
nc29,233
nc15,234
kc10,235
nc25,236
pc28,237
cc2,238
cc12,239
kc8,240
cc26,241
kc4,242
kc7,243
cc23,244
nc26,245
pc29,246
cc32,247
pc14,248
cc9,249
kc34,250
kc20,251
cc35,252
cc29,253
nc20,254
nc34,255
,
cn9,257
kc28,258
pn37,259
nc37,260
cn5,261
pn1,262
cc38,263
pc17,264
pn20,265
nc6,266
pn17,267
cc13,268
cn2,269
nc35,270
cn12,271
pn19,272
cn14,273
pn29,274
kn24,275
nn18,276
kn27,277
pn5,278
pn21,279
kn30,280
nn1,281
cn23,282
kn32,283
nn32,284
nn5,285
cn24,286
